loss,acc
0.07790870536492439,0.9800999760627747
