loss,acc
0.3029577305793762,0.9174000024795532
