loss,acc
1.0072516606330872,0.6428999900817871
