loss,acc
0.04590913111464252,0.9866999983787537
