loss,acc
0.2844011517003179,0.9232000112533569
