loss,acc
0.08411055819824396,0.9763000011444092
