loss,acc
0.03161173429650044,0.9894999861717224
