loss,acc
0.8252947823524475,0.7166000008583069
